EmployeeID,Age,Gender,Department,JobRole,MonthlyIncome,YearsAtCompany,YearsSinceLastPromotion,OverTime,JobSatisfaction,Attrition
EMP0001,57,Male,Research & Development,Software Engineer,77003,8,5,No,2,Yes
EMP0002,57,Male,Marketing,Marketing Specialist,72406,12,3,Yes,4,No
EMP0003,47,Female,Human Resources,HR Specialist,61312,10,4,Yes,1,Yes
EMP0004,48,Male,Research & Development,Research Scientist,88108,8,5,Yes,4,No
EMP0005,26,Female,Sales,Sales Executive,41382,4,2,No,2,Yes
EMP0006,41,Male,Sales,Sales Executive,74171,12,1,No,3,No
EMP0007,32,Male,Sales,Sales Representative,81779,10,3,Yes,3,No
EMP0008,31,Male,Finance,Financial Analyst,51292,9,2,No,4,No
EMP0009,27,Female,Research & Development,Research Scientist,86779,4,4,No,2,No
EMP0010,29,Male,Human Resources,HR Specialist,71187,5,0,Yes,3,No
EMP0011,44,Female,Sales,Sales Representative,52411,5,4,No,3,No
EMP0012,47,Male,Marketing,Marketing Specialist,53422,8,5,Yes,1,Yes
EMP0013,33,Female,Finance,Financial Analyst,80371,7,1,Yes,2,Yes
EMP0014,47,Male,Sales,Sales Representative,45693,9,5,No,3,No
EMP0015,34,Female,Sales,Sales Representative,73535,12,3,Yes,3,No
EMP0016,39,Female,Sales,Sales Executive,54818,8,3,No,3,No
EMP0017,46,Female,Research & Development,Research Scientist,76238,2,1,No,2,No
EMP0018,54,Female,Research & Development,Laboratory Technician,75874,10,2,No,3,No
EMP0019,33,Female,Research & Development,Research Scientist,71715,11,2,No,3,No
EMP0020,57,Female,Sales,Sales Representative,67605,4,3,No,3,No
EMP0021,25,Male,Research & Development,Software Engineer,79317,3,3,No,4,No
EMP0022,26,Male,Sales,Sales Representative,71174,4,0,No,3,No
EMP0023,29,Female,Sales,Sales Representative,49956,2,2,No,3,No
EMP0024,49,Female,Research & Development,Software Engineer,83908,7,1,No,2,No
EMP0025,52,Female,Research & Development,Laboratory Technician,55837,3,2,No,3,No
EMP0026,30,Male,Human Resources,HR Specialist,41716,8,0,Yes,2,No
EMP0027,50,Male,Sales,Sales Executive,44481,3,3,Yes,3,No
EMP0028,35,Male,Research & Development,Laboratory Technician,69282,11,3,Yes,3,No
EMP0029,43,Female,Research & Development,Research Scientist,51548,2,2,No,4,No
EMP0030,32,Male,Sales,Sales Representative,77605,10,0,No,1,Yes
EMP0031,44,Male,Research & Development,Research Scientist,52758,8,1,No,3,No
EMP0032,22,Male,Sales,Sales Representative,83668,0,0,No,3,No
EMP0033,42,Male,Sales,Sales Representative,63177,1,1,No,1,Yes
EMP0034,47,Female,Marketing,Marketing Specialist,62022,12,3,Yes,2,Yes
EMP0035,57,Male,Marketing,Marketing Specialist,43542,1,1,No,2,No
EMP0036,44,Female,Finance,Financial Analyst,73476,7,0,No,2,No
EMP0037,22,Male,Research & Development,Research Scientist,75784,0,0,No,2,Yes
EMP0038,36,Male,Sales,Sales Representative,62740,5,3,Yes,2,Yes
EMP0039,42,Male,Research & Development,Laboratory Technician,69817,12,2,No,2,Yes
EMP0040,30,Male,Research & Development,Research Scientist,92596,8,4,No,3,No
EMP0041,30,Male,Sales,Sales Representative,56052,5,1,No,3,No
EMP0042,31,Male,Research & Development,Laboratory Technician,80153,4,3,No,4,No
EMP0043,47,Female,Sales,Sales Executive,40671,14,1,No,3,Yes
EMP0044,56,Male,Marketing,Marketing Specialist,38163,6,3,Yes,3,Yes
EMP0045,46,Female,Sales,Sales Executive,81424,14,2,No,4,No
EMP0046,47,Female,Research & Development,Research Scientist,89002,6,2,No,3,No
EMP0047,32,Female,Research & Development,Software Engineer,49795,3,2,No,3,No
EMP0048,23,Male,Research & Development,Research Scientist,55634,1,1,No,3,No
EMP0049,28,Male,Research & Development,Laboratory Technician,49798,6,2,Yes,2,No
EMP0050,39,Male,Sales,Sales Executive,62420,11,0,Yes,2,Yes
EMP0051,48,Male,Marketing,Marketing Specialist,67300,14,0,No,3,No
EMP0052,55,Female,Human Resources,HR Specialist,62345,7,5,No,3,No
EMP0053,48,Male,Marketing,Content Creator,48749,1,1,No,1,No
EMP0054,38,Male,Finance,Financial Analyst,86595,13,1,Yes,4,No
EMP0055,45,Female,Research & Development,Software Engineer,70121,7,3,No,3,No
EMP0056,46,Female,Marketing,Content Creator,66411,5,3,No,3,No
EMP0057,28,Female,Sales,Sales Executive,73361,5,5,No,4,Yes
EMP0058,27,Male,Sales,Sales Executive,61223,5,0,Yes,3,No
EMP0059,45,Male,Sales,Sales Executive,47394,13,3,No,4,No
EMP0060,54,Male,Research & Development,Research Scientist,59056,2,0,No,3,No
EMP0061,50,Male,Research & Development,Software Engineer,73380,4,4,Yes,1,Yes
EMP0062,43,Male,Sales,Sales Executive,66035,12,1,No,3,No
EMP0063,47,Male,Finance,Financial Analyst,78620,6,4,No,3,No
EMP0064,49,Male,Research & Development,Laboratory Technician,64877,10,5,No,3,Yes
EMP0065,42,Male,Sales,Sales Executive,83404,11,2,No,4,No
EMP0066,28,Male,Research & Development,Research Scientist,75911,6,2,Yes,3,Yes
EMP0067,38,Female,Sales,Sales Executive,72784,11,2,Yes,3,No
EMP0068,41,Female,Finance,Accountant,51191,5,4,No,4,No
EMP0069,41,Female,Sales,Sales Representative,73160,9,3,Yes,3,Yes
EMP0070,43,Male,Marketing,Marketing Specialist,63000,3,1,No,3,No
EMP0071,49,Male,Human Resources,HR Specialist,41631,1,1,No,4,No
EMP0072,28,Male,Sales,Sales Executive,46172,4,4,No,2,No
EMP0073,22,Female,Sales,Sales Representative,82080,0,0,No,3,No
EMP0074,53,Female,Finance,Financial Analyst,71561,4,2,No,4,No
EMP0075,34,Male,Human Resources,HR Manager,62817,2,2,No,3,Yes
EMP0076,51,Female,Human Resources,HR Specialist,58281,10,1,No,3,No
EMP0077,44,Male,Human Resources,HR Specialist,66671,14,2,No,3,Yes
EMP0078,40,Male,Sales,Sales Executive,65364,14,1,Yes,3,No
EMP0079,53,Female,Research & Development,Research Scientist,86674,5,5,No,4,Yes
EMP0080,51,Female,Sales,Sales Representative,67425,3,2,No,2,No
EMP0081,50,Female,Finance,Accountant,76602,13,4,No,1,No
EMP0082,50,Female,Research & Development,Research Scientist,68253,12,4,No,2,No
EMP0083,51,Male,Research & Development,Research Scientist,68472,13,5,No,3,No
EMP0084,37,Female,Sales,Sales Representative,48080,9,1,No,3,No
EMP0085,40,Male,Research & Development,Software Engineer,52099,4,4,Yes,4,No
EMP0086,39,Female,Research & Development,Laboratory Technician,70431,6,1,No,3,No
EMP0087,22,Male,Human Resources,HR Manager,69186,0,0,No,3,No
EMP0088,35,Female,Research & Development,Laboratory Technician,92684,6,4,No,1,No
EMP0089,23,Male,Finance,Accountant,78111,1,1,No,3,No
EMP0090,49,Female,Research & Development,Software Engineer,84851,12,3,Yes,3,Yes
EMP0091,51,Male,Sales,Sales Representative,62614,12,4,No,1,Yes
EMP0092,25,Female,Human Resources,HR Manager,64724,3,2,No,2,Yes
EMP0093,22,Male,Human Resources,HR Manager,42940,0,0,No,2,No
EMP0094,29,Male,Research & Development,Laboratory Technician,73758,2,2,No,1,Yes
EMP0095,50,Male,Human Resources,HR Specialist,74224,12,1,No,3,No
EMP0096,24,Male,Research & Development,Software Engineer,52788,2,2,Yes,2,No
EMP0097,53,Female,Research & Development,Research Scientist,73082,9,0,No,3,No
EMP0098,31,Male,Research & Development,Software Engineer,69034,5,0,No,4,No
EMP0099,31,Female,Sales,Sales Representative,75479,8,4,Yes,3,No
EMP0100,40,Male,Sales,Sales Executive,51280,2,2,Yes,4,Yes
EMP0101,55,Male,Sales,Sales Representative,58052,6,2,Yes,3,No
EMP0102,54,Female,Research & Development,Software Engineer,61531,3,3,Yes,3,No
EMP0103,44,Female,Research & Development,Laboratory Technician,67804,12,3,No,4,No
EMP0104,49,Male,Research & Development,Research Scientist,73903,12,0,No,2,No
EMP0105,53,Female,Marketing,Marketing Specialist,48142,14,4,No,4,No
EMP0106,28,Female,Sales,Sales Representative,49866,6,5,No,1,Yes
EMP0107,50,Male,Research & Development,Laboratory Technician,49531,5,3,No,3,No
EMP0108,29,Female,Human Resources,HR Specialist,66138,7,4,No,1,Yes
EMP0109,22,Female,Sales,Sales Executive,67065,0,0,No,3,No
EMP0110,24,Female,Sales,Sales Executive,69956,2,0,No,3,No
EMP0111,45,Male,Sales,Sales Executive,81732,14,0,No,3,No
EMP0112,44,Female,Sales,Sales Executive,79261,1,1,No,2,Yes
EMP0113,29,Male,Marketing,Content Creator,48759,5,1,Yes,2,Yes
EMP0114,24,Male,Finance,Accountant,53439,2,2,Yes,1,No
EMP0115,54,Male,Research & Development,Laboratory Technician,92241,4,4,No,2,Yes
EMP0116,49,Male,Finance,Financial Analyst,76270,2,2,No,4,No
EMP0117,29,Female,Finance,Financial Analyst,61279,7,2,No,2,No
EMP0118,55,Female,Sales,Sales Representative,79279,3,2,No,4,No
EMP0119,56,Female,Finance,Accountant,71888,2,2,No,4,No
EMP0120,53,Male,Research & Development,Software Engineer,62630,10,1,No,2,No
EMP0121,45,Male,Finance,Accountant,83144,11,1,No,3,No
EMP0122,35,Male,Finance,Accountant,79182,9,4,No,1,Yes
EMP0123,53,Female,Research & Development,Software Engineer,70538,7,2,No,1,No
EMP0124,37,Male,Sales,Sales Representative,51824,6,1,No,1,No
EMP0125,25,Female,Sales,Sales Representative,72125,1,0,No,3,No
EMP0126,42,Female,Research & Development,Laboratory Technician,51979,5,4,Yes,3,Yes
EMP0127,35,Male,Finance,Financial Analyst,74189,12,5,No,3,No
EMP0128,52,Female,Finance,Financial Analyst,60504,11,3,Yes,3,Yes
EMP0129,39,Male,Sales,Sales Executive,60669,14,4,No,2,No
EMP0130,28,Female,Research & Development,Software Engineer,51910,6,3,No,3,No
EMP0131,31,Female,Research & Development,Research Scientist,91857,3,2,Yes,3,No
EMP0132,28,Male,Sales,Sales Representative,74964,1,1,Yes,1,No
EMP0133,54,Male,Sales,Sales Executive,60131,4,2,No,2,Yes
EMP0134,44,Female,Research & Development,Laboratory Technician,70227,13,0,No,3,No
EMP0135,42,Female,Marketing,Content Creator,43978,2,2,Yes,2,Yes
EMP0136,40,Male,Research & Development,Software Engineer,66991,2,2,No,3,No
EMP0137,40,Female,Research & Development,Laboratory Technician,62153,3,2,Yes,2,No
EMP0138,57,Female,Human Resources,HR Manager,71548,8,4,No,2,Yes
EMP0139,50,Female,Research & Development,Laboratory Technician,87676,8,1,No,2,Yes
EMP0140,39,Male,Marketing,Marketing Specialist,41983,12,2,No,2,Yes
EMP0141,23,Female,Marketing,Marketing Specialist,47503,1,1,No,3,No
EMP0142,22,Female,Sales,Sales Executive,69921,0,0,No,3,Yes
EMP0143,26,Male,Research & Development,Software Engineer,61905,4,4,No,3,No
EMP0144,41,Male,Research & Development,Research Scientist,90838,4,0,Yes,4,No
EMP0145,32,Female,Sales,Sales Representative,63953,10,2,Yes,3,No
EMP0146,23,Male,Sales,Sales Executive,66806,1,1,Yes,3,No
EMP0147,24,Female,Research & Development,Research Scientist,90000,2,1,No,2,Yes
EMP0148,44,Male,Research & Development,Software Engineer,67168,7,5,Yes,3,No
EMP0149,33,Male,Sales,Sales Representative,44583,7,0,No,3,No
EMP0150,41,Female,Sales,Sales Executive,78714,3,1,No,2,No
EMP0151,26,Male,Marketing,Content Creator,49889,4,2,No,3,No
EMP0152,51,Male,Sales,Sales Executive,67413,10,4,No,2,No
EMP0153,30,Male,Sales,Sales Representative,52275,8,4,No,3,Yes
EMP0154,55,Female,Research & Development,Laboratory Technician,47461,6,3,No,4,No
EMP0155,56,Male,Marketing,Marketing Specialist,52291,5,4,No,4,No
EMP0156,43,Male,Sales,Sales Representative,51435,3,0,No,3,No
EMP0157,45,Female,Research & Development,Laboratory Technician,72935,9,4,No,3,Yes
EMP0158,38,Male,Human Resources,HR Specialist,71453,5,3,Yes,3,No
EMP0159,31,Female,Sales,Sales Executive,58544,5,5,No,3,No
EMP0160,51,Male,Human Resources,HR Specialist,50258,14,2,No,1,Yes
EMP0161,44,Female,Research & Development,Laboratory Technician,75841,4,2,Yes,3,No
EMP0162,53,Male,Research & Development,Laboratory Technician,93758,14,4,No,3,No
EMP0163,38,Female,Research & Development,Laboratory Technician,94190,4,1,Yes,4,Yes
EMP0164,38,Male,Research & Development,Laboratory Technician,55736,12,2,No,3,No
EMP0165,35,Male,Sales,Sales Representative,77643,1,1,Yes,3,No
EMP0166,30,Male,Finance,Accountant,82964,7,4,No,3,No
EMP0167,23,Male,Research & Development,Research Scientist,73044,1,1,No,3,No
EMP0168,46,Male,Sales,Sales Executive,79933,3,3,No,3,No
EMP0169,30,Male,Sales,Sales Representative,55997,8,4,No,2,No
EMP0170,43,Female,Research & Development,Laboratory Technician,59215,13,5,Yes,3,No
EMP0171,25,Male,Research & Development,Laboratory Technician,78069,2,2,No,4,No
EMP0172,47,Male,Sales,Sales Executive,63911,3,3,Yes,3,Yes
EMP0173,50,Female,Research & Development,Software Engineer,62030,1,1,No,2,Yes
EMP0174,55,Female,Sales,Sales Executive,69334,6,0,No,3,No
EMP0175,44,Male,Research & Development,Software Engineer,59571,11,3,No,4,No
EMP0176,32,Male,Sales,Sales Executive,82719,10,0,No,1,Yes
EMP0177,27,Male,Research & Development,Laboratory Technician,73927,5,5,No,3,No
EMP0178,39,Female,Research & Development,Research Scientist,65714,11,1,No,4,No
EMP0179,42,Female,Marketing,Marketing Specialist,61387,11,3,No,3,No
EMP0180,57,Male,Sales,Sales Representative,68444,2,2,No,4,No
EMP0181,55,Female,Research & Development,Software Engineer,93908,8,0,Yes,3,No
EMP0182,38,Female,Sales,Sales Executive,59921,14,2,Yes,3,Yes
EMP0183,46,Female,Marketing,Content Creator,51057,6,2,Yes,3,No
EMP0184,33,Female,Finance,Financial Analyst,72858,11,1,No,2,No
EMP0185,44,Male,Sales,Sales Representative,84638,4,3,Yes,2,Yes
EMP0186,43,Male,Research & Development,Research Scientist,71062,5,3,No,3,No
EMP0187,42,Male,Finance,Financial Analyst,84850,8,3,No,2,No
EMP0188,48,Male,Research & Development,Research Scientist,91486,14,5,Yes,3,Yes
EMP0189,52,Male,Research & Development,Software Engineer,65567,3,1,No,4,No
EMP0190,27,Female,Sales,Sales Representative,69739,3,3,No,4,No
EMP0191,48,Male,Sales,Sales Representative,83285,14,5,Yes,3,Yes
EMP0192,55,Male,Finance,Financial Analyst,51754,14,2,No,4,No
EMP0193,33,Male,Marketing,Content Creator,65044,11,0,Yes,3,Yes
EMP0194,28,Female,Research & Development,Software Engineer,46724,4,4,No,3,No
EMP0195,31,Male,Research & Development,Research Scientist,46376,1,1,No,2,Yes
EMP0196,38,Male,Research & Development,Laboratory Technician,53706,9,2,No,3,No
EMP0197,47,Male,Human Resources,HR Specialist,46894,8,0,No,3,No
EMP0198,42,Male,Finance,Accountant,66037,8,2,No,3,No
EMP0199,49,Female,Finance,Financial Analyst,66450,14,1,No,3,No
EMP0200,23,Female,Human Resources,HR Specialist,54406,1,0,Yes,1,No
EMP0201,22,Male,Research & Development,Research Scientist,74725,0,0,Yes,3,Yes
EMP0202,57,Female,Sales,Sales Representative,45926,7,4,No,4,No
EMP0203,47,Female,Sales,Sales Executive,79019,6,5,No,3,No
EMP0204,50,Female,Finance,Accountant,57496,9,2,No,4,No
EMP0205,42,Male,Research & Development,Software Engineer,81068,3,1,No,4,No
EMP0206,32,Male,Sales,Sales Executive,69806,10,3,No,4,No
EMP0207,32,Male,Sales,Sales Executive,62663,3,2,Yes,4,No
EMP0208,57,Female,Research & Development,Research Scientist,86321,3,3,No,4,No
EMP0209,56,Male,Sales,Sales Executive,76495,10,4,No,3,No
EMP0210,55,Male,Sales,Sales Representative,62656,3,2,Yes,1,Yes
EMP0211,45,Male,Research & Development,Research Scientist,70860,9,0,Yes,3,No
EMP0212,43,Female,Research & Development,Research Scientist,94666,12,3,Yes,3,Yes
EMP0213,26,Male,Research & Development,Laboratory Technician,61832,4,4,No,2,No
EMP0214,54,Female,Sales,Sales Executive,78787,13,0,No,2,No
EMP0215,57,Female,Human Resources,HR Manager,59727,7,0,Yes,4,No
EMP0216,41,Male,Sales,Sales Executive,82815,14,0,Yes,4,No
EMP0217,40,Female,Research & Development,Laboratory Technician,74545,9,0,Yes,4,No
EMP0218,56,Male,Human Resources,HR Specialist,40520,11,2,No,3,No
EMP0219,38,Female,Research & Development,Software Engineer,48081,12,5,No,1,Yes
EMP0220,55,Male,Finance,Accountant,82196,7,2,No,1,Yes
EMP0221,30,Female,Research & Development,Software Engineer,81735,8,2,No,2,No
EMP0222,47,Female,Research & Development,Laboratory Technician,84213,12,4,No,1,No
EMP0223,23,Female,Sales,Sales Representative,54566,1,1,No,1,No
EMP0224,30,Female,Research & Development,Software Engineer,59042,4,4,No,4,Yes
EMP0225,30,Male,Sales,Sales Executive,65498,8,4,Yes,3,Yes
EMP0226,38,Female,Sales,Sales Representative,51329,8,1,Yes,2,No
EMP0227,22,Female,Marketing,Content Creator,69656,0,0,Yes,1,Yes
EMP0228,46,Female,Research & Development,Laboratory Technician,47159,5,4,Yes,3,No
EMP0229,46,Male,Finance,Accountant,85900,13,5,No,1,No
EMP0230,56,Female,Research & Development,Laboratory Technician,64363,4,2,No,4,No
EMP0231,24,Female,Human Resources,HR Specialist,57033,2,2,Yes,3,No
EMP0232,51,Female,Research & Development,Laboratory Technician,55805,1,1,No,3,No
EMP0233,55,Male,Research & Development,Laboratory Technician,80851,14,1,No,2,No
EMP0234,33,Female,Research & Development,Laboratory Technician,71832,9,1,Yes,1,Yes
EMP0235,40,Male,Sales,Sales Representative,53944,1,1,No,3,Yes
EMP0236,38,Female,Human Resources,HR Specialist,57873,8,4,No,3,No
EMP0237,31,Male,Sales,Sales Executive,80372,4,3,No,3,No
EMP0238,33,Female,Sales,Sales Representative,63928,9,1,Yes,1,Yes
EMP0239,37,Female,Research & Development,Research Scientist,60379,14,0,Yes,3,No
EMP0240,45,Male,Sales,Sales Representative,76751,11,2,No,3,No
EMP0241,40,Female,Marketing,Content Creator,72546,5,5,Yes,4,Yes
EMP0242,29,Male,Marketing,Content Creator,62286,3,0,No,2,No
EMP0243,52,Female,Marketing,Marketing Specialist,43110,9,5,No,2,Yes
EMP0244,42,Female,Research & Development,Laboratory Technician,57087,11,2,No,3,No
EMP0245,38,Female,Sales,Sales Executive,63762,14,2,No,3,No
EMP0246,44,Female,Marketing,Content Creator,55081,14,1,No,3,No
EMP0247,37,Female,Research & Development,Research Scientist,79947,9,1,Yes,3,No
EMP0248,27,Male,Marketing,Marketing Specialist,47596,4,0,No,3,No
EMP0249,29,Male,Marketing,Marketing Specialist,56313,7,5,No,4,Yes
EMP0250,46,Female,Finance,Accountant,49013,4,2,No,3,No
EMP0251,39,Female,Sales,Sales Representative,63705,12,0,Yes,4,No
EMP0252,46,Female,Research & Development,Laboratory Technician,46828,8,3,No,3,Yes
EMP0253,33,Female,Finance,Financial Analyst,55909,2,0,No,4,No
EMP0254,36,Male,Research & Development,Research Scientist,83356,9,4,Yes,4,No
EMP0255,47,Female,Sales,Sales Executive,53109,13,0,Yes,2,No
EMP0256,47,Male,Research & Development,Software Engineer,47023,14,4,Yes,4,Yes
EMP0257,53,Male,Marketing,Content Creator,52537,6,4,No,1,Yes
EMP0258,31,Male,Research & Development,Software Engineer,71661,9,4,Yes,4,Yes
EMP0259,37,Male,Research & Development,Research Scientist,83659,8,3,Yes,3,Yes
EMP0260,28,Male,Sales,Sales Executive,73848,6,0,No,1,Yes
EMP0261,38,Male,Research & Development,Research Scientist,82804,13,0,Yes,3,No
EMP0262,44,Female,Marketing,Content Creator,53379,14,3,Yes,4,Yes
EMP0263,47,Male,Sales,Sales Executive,67766,1,1,Yes,1,Yes
EMP0264,42,Male,Research & Development,Software Engineer,88590,14,1,Yes,3,Yes
EMP0265,43,Male,Finance,Financial Analyst,50563,12,0,Yes,3,No
EMP0266,28,Male,Human Resources,HR Specialist,74060,3,1,No,4,No
EMP0267,35,Male,Research & Development,Research Scientist,74197,11,5,Yes,3,No
EMP0268,36,Male,Human Resources,HR Manager,41586,14,5,Yes,2,No
EMP0269,28,Female,Research & Development,Laboratory Technician,61087,2,2,No,1,No
EMP0270,30,Female,Sales,Sales Representative,63225,5,5,No,3,No
EMP0271,29,Female,Finance,Financial Analyst,77750,5,5,No,3,No
EMP0272,44,Male,Finance,Accountant,54643,5,2,No,4,No
EMP0273,50,Male,Finance,Accountant,75523,4,2,Yes,1,No
EMP0274,39,Female,Marketing,Marketing Specialist,74727,5,2,No,3,Yes
EMP0275,52,Male,Research & Development,Research Scientist,56005,3,3,No,1,Yes
EMP0276,51,Male,Research & Development,Laboratory Technician,88543,12,3,No,2,No
EMP0277,56,Male,Human Resources,HR Manager,38161,1,1,No,3,No
EMP0278,39,Male,Research & Development,Research Scientist,61029,5,4,Yes,3,No
EMP0279,38,Male,Human Resources,HR Specialist,52226,13,1,No,3,No
EMP0280,35,Male,Human Resources,HR Manager,66731,9,4,Yes,4,No
EMP0281,52,Female,Finance,Accountant,51390,13,4,No,3,Yes
EMP0282,45,Male,Research & Development,Software Engineer,50997,9,2,No,4,No
EMP0283,56,Female,Research & Development,Software Engineer,57693,4,2,No,4,No
EMP0284,55,Female,Sales,Sales Executive,82092,3,3,Yes,3,Yes
EMP0285,24,Female,Research & Development,Laboratory Technician,45541,1,1,No,4,No
EMP0286,47,Female,Sales,Sales Executive,61817,2,0,No,3,No
EMP0287,44,Female,Research & Development,Software Engineer,82861,8,1,No,1,Yes
EMP0288,36,Male,Research & Development,Research Scientist,58428,1,1,No,3,No
EMP0289,25,Male,Sales,Sales Executive,83934,3,3,No,1,Yes
EMP0290,50,Male,Research & Development,Research Scientist,93831,13,5,No,3,Yes
EMP0291,43,Female,Sales,Sales Executive,50258,7,3,Yes,3,Yes
EMP0292,46,Female,Sales,Sales Representative,56044,8,1,No,1,No
EMP0293,34,Male,Finance,Financial Analyst,77411,12,1,Yes,2,Yes
EMP0294,39,Female,Research & Development,Software Engineer,50469,6,1,No,4,No
EMP0295,54,Male,Sales,Sales Representative,68854,12,4,No,3,No
EMP0296,37,Female,Research & Development,Laboratory Technician,51256,14,3,No,2,No
EMP0297,23,Male,Human Resources,HR Manager,48720,1,1,Yes,3,No
EMP0298,56,Male,Sales,Sales Representative,73937,3,2,No,3,No
EMP0299,55,Male,Research & Development,Software Engineer,78598,10,5,No,3,No
EMP0300,51,Male,Sales,Sales Executive,41651,4,4,No,4,No
EMP0301,34,Male,Sales,Sales Representative,59194,12,2,No,3,No
EMP0302,34,Male,Research & Development,Software Engineer,70051,6,5,Yes,2,Yes
EMP0303,39,Female,Research & Development,Software Engineer,72386,8,4,No,4,Yes
EMP0304,53,Male,Research & Development,Laboratory Technician,54518,5,4,No,4,Yes
EMP0305,53,Male,Human Resources,HR Manager,54184,3,0,Yes,1,Yes
EMP0306,56,Female,Marketing,Marketing Specialist,71787,6,0,Yes,2,No
EMP0307,50,Female,Research & Development,Research Scientist,66621,4,0,No,2,No
EMP0308,50,Male,Research & Development,Laboratory Technician,55028,9,5,No,3,No
EMP0309,37,Male,Human Resources,HR Specialist,50448,13,4,No,3,No
EMP0310,31,Male,Sales,Sales Executive,74051,3,3,No,3,No
EMP0311,51,Male,Research & Development,Laboratory Technician,94811,4,4,Yes,4,Yes
EMP0312,46,Female,Sales,Sales Representative,70447,7,2,Yes,3,Yes
EMP0313,41,Male,Sales,Sales Executive,58394,7,4,Yes,1,No
EMP0314,26,Male,Marketing,Content Creator,72501,4,2,Yes,2,No
EMP0315,22,Female,Finance,Accountant,78254,0,0,No,3,No
EMP0316,51,Male,Research & Development,Laboratory Technician,63509,4,0,Yes,2,No
EMP0317,24,Female,Research & Development,Software Engineer,93998,2,2,No,3,No
EMP0318,35,Male,Sales,Sales Representative,54472,12,0,No,4,No
EMP0319,51,Female,Sales,Sales Representative,43471,13,5,No,2,Yes
EMP0320,25,Male,Sales,Sales Representative,81796,3,1,No,3,No
EMP0321,39,Female,Research & Development,Laboratory Technician,75268,6,1,No,3,No
EMP0322,46,Female,Human Resources,HR Manager,46329,12,3,Yes,3,Yes
EMP0323,22,Male,Research & Development,Laboratory Technician,79865,0,0,No,2,Yes
EMP0324,36,Female,Sales,Sales Representative,68272,8,3,Yes,3,No
EMP0325,30,Female,Marketing,Content Creator,44397,2,2,Yes,1,No
EMP0326,36,Female,Human Resources,HR Specialist,70373,11,1,No,4,No
EMP0327,45,Female,Research & Development,Software Engineer,80525,7,5,Yes,1,Yes
EMP0328,25,Female,Research & Development,Software Engineer,69570,3,1,Yes,3,No
EMP0329,33,Male,Research & Development,Laboratory Technician,63284,1,1,No,3,No
EMP0330,27,Male,Sales,Sales Representative,58994,5,5,No,4,Yes
EMP0331,45,Female,Research & Development,Research Scientist,68284,7,3,No,2,No
EMP0332,32,Male,Human Resources,HR Manager,55833,6,4,No,1,No
EMP0333,34,Female,Sales,Sales Executive,65122,6,5,Yes,1,Yes
EMP0334,55,Female,Sales,Sales Executive,45017,6,5,No,2,Yes
EMP0335,46,Male,Sales,Sales Representative,56370,9,3,No,2,No
EMP0336,28,Male,Sales,Sales Representative,69252,2,2,No,3,Yes
EMP0337,25,Female,Finance,Financial Analyst,55999,1,1,No,2,No
EMP0338,29,Male,Human Resources,HR Specialist,60436,7,1,Yes,1,No
EMP0339,41,Female,Research & Development,Research Scientist,87963,12,3,No,4,No
EMP0340,50,Male,Sales,Sales Representative,42096,6,5,No,2,Yes
EMP0341,31,Female,Research & Development,Software Engineer,93201,9,1,Yes,2,Yes
EMP0342,55,Male,Research & Development,Software Engineer,70279,11,1,No,2,No
EMP0343,47,Female,Sales,Sales Representative,83363,8,1,No,4,No
EMP0344,24,Male,Research & Development,Laboratory Technician,93709,2,2,Yes,2,No
EMP0345,27,Female,Research & Development,Research Scientist,71201,5,0,No,4,No
EMP0346,26,Male,Research & Development,Research Scientist,64715,4,3,No,3,No
EMP0347,26,Female,Research & Development,Laboratory Technician,74309,1,0,No,1,No
EMP0348,44,Female,Sales,Sales Executive,55078,9,0,Yes,4,No
EMP0349,30,Male,Research & Development,Software Engineer,50105,8,0,No,2,No
EMP0350,56,Male,Research & Development,Software Engineer,74312,13,1,Yes,1,No
EMP0351,41,Male,Research & Development,Software Engineer,47839,1,1,No,4,No
EMP0352,56,Female,Finance,Financial Analyst,51384,3,1,Yes,3,No
EMP0353,39,Female,Research & Development,Software Engineer,88619,8,1,No,3,Yes
EMP0354,38,Male,Sales,Sales Executive,82821,14,5,No,2,Yes
EMP0355,45,Male,Sales,Sales Executive,53493,3,3,No,3,No
EMP0356,24,Male,Research & Development,Research Scientist,62069,2,0,No,3,No
EMP0357,53,Female,Sales,Sales Executive,47531,4,1,No,2,Yes
EMP0358,56,Male,Research & Development,Laboratory Technician,82051,8,0,No,2,No
EMP0359,34,Female,Marketing,Marketing Specialist,45736,1,1,Yes,1,No
EMP0360,46,Male,Research & Development,Software Engineer,52710,13,4,No,2,Yes
EMP0361,30,Female,Research & Development,Software Engineer,46619,8,3,Yes,4,No
EMP0362,25,Male,Research & Development,Software Engineer,58975,3,0,No,3,No
EMP0363,35,Male,Research & Development,Research Scientist,90603,1,1,Yes,4,Yes
EMP0364,55,Female,Research & Development,Laboratory Technician,68252,14,3,No,2,No
EMP0365,32,Female,Marketing,Content Creator,53261,1,1,No,3,No
EMP0366,24,Female,Research & Development,Software Engineer,46431,2,0,No,2,No
EMP0367,49,Male,Marketing,Marketing Specialist,47067,8,0,Yes,2,No
EMP0368,50,Male,Marketing,Content Creator,65037,11,2,No,2,No
EMP0369,30,Female,Sales,Sales Representative,49557,4,2,No,2,Yes
EMP0370,24,Female,Sales,Sales Representative,49435,2,0,No,3,No
EMP0371,46,Male,Sales,Sales Executive,77766,1,1,No,4,No
EMP0372,55,Male,Sales,Sales Executive,40162,10,1,No,3,No
EMP0373,33,Male,Sales,Sales Executive,74742,7,3,No,2,Yes
EMP0374,30,Female,Research & Development,Research Scientist,64675,5,3,No,1,Yes
EMP0375,36,Male,Sales,Sales Executive,48461,5,3,No,1,No
EMP0376,46,Male,Research & Development,Research Scientist,62015,1,1,No,3,No
EMP0377,26,Male,Finance,Financial Analyst,80591,4,2,Yes,3,No
EMP0378,32,Male,Sales,Sales Executive,68047,10,4,Yes,4,Yes
EMP0379,55,Male,Finance,Accountant,82782,11,2,Yes,1,Yes
EMP0380,45,Male,Sales,Sales Representative,49833,6,0,Yes,3,No
EMP0381,36,Male,Sales,Sales Executive,47896,14,5,No,3,Yes
EMP0382,29,Female,Research & Development,Laboratory Technician,77972,7,3,No,3,Yes
EMP0383,26,Male,Research & Development,Software Engineer,94733,4,2,Yes,3,No
EMP0384,47,Male,Finance,Financial Analyst,89800,8,4,No,3,No
EMP0385,39,Female,Human Resources,HR Specialist,68508,5,0,Yes,3,No
EMP0386,27,Female,Finance,Financial Analyst,53347,1,1,No,1,No
EMP0387,34,Male,Sales,Sales Representative,70314,9,1,No,3,No
EMP0388,49,Male,Sales,Sales Representative,42643,1,1,No,1,Yes
EMP0389,26,Male,Human Resources,HR Manager,56681,4,0,Yes,3,No
EMP0390,34,Female,Finance,Accountant,86328,5,3,No,3,No
EMP0391,38,Female,Marketing,Content Creator,53892,3,2,No,3,No
EMP0392,53,Female,Research & Development,Research Scientist,92299,11,0,No,4,No
EMP0393,50,Female,Research & Development,Laboratory Technician,62073,7,1,No,4,No
EMP0394,24,Female,Human Resources,HR Specialist,74768,2,2,No,4,No
EMP0395,55,Male,Research & Development,Software Engineer,75682,9,4,Yes,3,Yes
EMP0396,48,Male,Marketing,Content Creator,70262,7,2,No,3,No
EMP0397,34,Female,Finance,Financial Analyst,79358,12,4,No,3,No
EMP0398,54,Female,Research & Development,Laboratory Technician,59289,11,4,No,4,Yes
EMP0399,27,Male,Human Resources,HR Specialist,45927,5,0,Yes,3,Yes
EMP0400,45,Female,Human Resources,HR Manager,39171,3,3,No,4,No
EMP0401,40,Male,Sales,Sales Representative,51918,11,2,No,4,No
EMP0402,37,Male,Marketing,Content Creator,49929,13,0,No,3,No
EMP0403,49,Male,Research & Development,Research Scientist,47539,14,3,Yes,2,Yes
EMP0404,54,Male,Finance,Accountant,84727,13,0,No,1,No
EMP0405,34,Female,Research & Development,Laboratory Technician,90951,1,1,Yes,4,No
EMP0406,46,Male,Finance,Financial Analyst,70669,8,0,No,2,No
EMP0407,57,Female,Research & Development,Research Scientist,50432,12,4,No,4,No
EMP0408,48,Female,Sales,Sales Representative,60644,3,3,No,3,No
EMP0409,28,Female,Marketing,Content Creator,56745,6,2,No,3,No
EMP0410,26,Male,Sales,Sales Representative,68228,4,2,No,4,No
EMP0411,52,Male,Research & Development,Laboratory Technician,79521,8,3,No,3,No
EMP0412,44,Male,Marketing,Marketing Specialist,69703,13,4,Yes,3,No
EMP0413,31,Female,Marketing,Marketing Specialist,64928,5,1,No,3,No
EMP0414,53,Female,Research & Development,Research Scientist,63322,13,0,No,2,Yes
EMP0415,51,Male,Research & Development,Laboratory Technician,67360,12,4,No,3,No
EMP0416,52,Female,Research & Development,Laboratory Technician,74055,13,5,Yes,2,Yes
EMP0417,39,Male,Sales,Sales Representative,82891,1,1,No,4,No
EMP0418,57,Female,Research & Development,Software Engineer,61376,13,0,No,4,No
EMP0419,23,Male,Research & Development,Software Engineer,51588,1,1,Yes,2,No
EMP0420,35,Female,Human Resources,HR Manager,63000,7,1,No,3,No
EMP0421,34,Male,Human Resources,HR Specialist,44304,12,5,Yes,3,Yes
EMP0422,50,Female,Human Resources,HR Specialist,45345,10,2,No,2,No
EMP0423,33,Female,Sales,Sales Representative,69300,5,3,Yes,4,No
EMP0424,23,Female,Research & Development,Research Scientist,69259,1,0,Yes,1,No
EMP0425,53,Male,Sales,Sales Representative,65470,9,3,No,2,No
EMP0426,34,Male,Research & Development,Laboratory Technician,68017,11,0,No,3,No
EMP0427,48,Male,Research & Development,Software Engineer,60352,14,4,No,3,No
EMP0428,38,Male,Finance,Accountant,81365,7,1,Yes,3,No
EMP0429,52,Male,Research & Development,Laboratory Technician,64446,14,4,No,3,No
EMP0430,55,Female,Sales,Sales Executive,42336,13,4,No,3,No
EMP0431,45,Female,Sales,Sales Representative,49879,7,3,No,3,No
EMP0432,56,Male,Human Resources,HR Specialist,70316,1,1,Yes,1,Yes
EMP0433,27,Male,Research & Development,Laboratory Technician,78340,4,0,No,2,No
EMP0434,40,Male,Sales,Sales Executive,47521,2,0,No,2,Yes
EMP0435,51,Female,Sales,Sales Executive,46171,2,2,No,2,No
EMP0436,28,Male,Human Resources,HR Specialist,61481,2,2,Yes,3,No
EMP0437,31,Female,Sales,Sales Executive,58474,4,4,No,2,Yes
EMP0438,53,Male,Finance,Financial Analyst,69008,14,5,No,2,No
EMP0439,55,Female,Human Resources,HR Specialist,39633,1,0,No,2,Yes
EMP0440,49,Female,Sales,Sales Executive,52485,4,3,Yes,4,No
EMP0441,36,Male,Sales,Sales Executive,83617,2,2,No,4,No
EMP0442,51,Female,Marketing,Content Creator,41648,5,4,Yes,3,No
EMP0443,50,Male,Research & Development,Software Engineer,92945,3,3,No,4,No
EMP0444,43,Female,Research & Development,Research Scientist,58140,12,1,No,3,No
EMP0445,25,Male,Finance,Accountant,65921,3,0,Yes,3,No
EMP0446,41,Female,Marketing,Content Creator,52357,4,3,No,1,No
EMP0447,53,Female,Marketing,Marketing Specialist,41137,1,1,Yes,3,No
EMP0448,57,Female,Human Resources,HR Specialist,38097,1,1,No,3,No
EMP0449,25,Female,Research & Development,Laboratory Technician,56407,3,3,No,3,No
EMP0450,48,Male,Sales,Sales Representative,70575,10,5,No,3,No
EMP0451,38,Male,Human Resources,HR Manager,50722,3,3,Yes,3,No
EMP0452,33,Male,Research & Development,Laboratory Technician,57924,9,3,No,3,No
EMP0453,43,Male,Research & Development,Laboratory Technician,48750,7,4,No,4,No
EMP0454,38,Female,Marketing,Marketing Specialist,65733,2,2,No,2,No
EMP0455,31,Male,Sales,Sales Representative,48535,9,5,No,3,Yes
EMP0456,22,Female,Research & Development,Software Engineer,69487,0,0,No,3,No
EMP0457,43,Female,Sales,Sales Representative,70651,10,0,No,3,No
EMP0458,47,Female,Research & Development,Laboratory Technician,49666,2,2,No,3,No
EMP0459,39,Male,Sales,Sales Executive,56994,3,3,Yes,1,Yes
EMP0460,35,Female,Sales,Sales Executive,41727,11,3,No,3,No
EMP0461,50,Female,Sales,Sales Executive,74622,13,2,No,2,No
EMP0462,33,Male,Research & Development,Software Engineer,55800,10,2,No,3,No
EMP0463,57,Female,Human Resources,HR Specialist,56708,14,4,No,3,No
EMP0464,56,Female,Research & Development,Laboratory Technician,57819,2,0,No,3,No
EMP0465,33,Male,Marketing,Content Creator,47369,3,0,Yes,1,No
EMP0466,28,Male,Research & Development,Research Scientist,54283,6,5,No,3,No
EMP0467,50,Male,Sales,Sales Representative,70573,9,5,No,2,No
EMP0468,32,Male,Finance,Financial Analyst,61171,9,1,No,4,No
EMP0469,54,Male,Sales,Sales Executive,70933,7,4,Yes,4,Yes
EMP0470,27,Male,Marketing,Marketing Specialist,43774,5,3,Yes,4,Yes
EMP0471,36,Male,Sales,Sales Executive,46519,3,3,Yes,3,No
EMP0472,53,Male,Marketing,Marketing Specialist,48983,4,1,No,3,No
EMP0473,32,Female,Sales,Sales Executive,70932,6,5,Yes,2,Yes
EMP0474,44,Male,Finance,Financial Analyst,78798,11,4,No,2,No
EMP0475,47,Female,Research & Development,Software Engineer,63133,5,4,No,3,No
EMP0476,55,Male,Marketing,Content Creator,52939,2,2,Yes,3,No
EMP0477,55,Male,Sales,Sales Representative,40781,13,1,No,4,Yes
EMP0478,50,Male,Research & Development,Software Engineer,94050,6,5,No,2,Yes
EMP0479,25,Male,Marketing,Content Creator,65624,3,0,No,4,No
EMP0480,38,Male,Research & Development,Research Scientist,51823,14,3,No,3,No
EMP0481,56,Female,Research & Development,Laboratory Technician,63489,8,5,No,3,No
EMP0482,34,Male,Research & Development,Software Engineer,84961,2,1,No,2,No
EMP0483,36,Female,Research & Development,Research Scientist,74118,1,1,No,1,No
EMP0484,50,Female,Research & Development,Software Engineer,79881,9,0,No,3,No
EMP0485,50,Male,Research & Development,Software Engineer,61280,14,2,Yes,3,No
EMP0486,32,Male,Marketing,Marketing Specialist,60263,10,5,No,2,No
EMP0487,53,Female,Sales,Sales Executive,53565,3,0,No,3,No
EMP0488,23,Male,Sales,Sales Executive,60354,1,1,No,4,No
EMP0489,35,Male,Marketing,Content Creator,63643,1,1,Yes,4,No
EMP0490,41,Female,Finance,Financial Analyst,71648,7,3,No,4,No
EMP0491,43,Male,Research & Development,Laboratory Technician,86971,13,4,Yes,2,Yes
EMP0492,32,Female,Research & Development,Research Scientist,63658,10,2,No,2,No
EMP0493,48,Female,Sales,Sales Representative,61253,5,0,No,3,No
EMP0494,24,Male,Sales,Sales Executive,66390,2,2,Yes,3,No
EMP0495,38,Male,Research & Development,Research Scientist,68128,14,1,No,1,No
EMP0496,49,Male,Research & Development,Laboratory Technician,58489,1,1,No,2,No
EMP0497,50,Male,Research & Development,Research Scientist,83314,9,1,No,3,No
EMP0498,42,Male,Sales,Sales Representative,72658,7,5,No,2,No
EMP0499,37,Female,Marketing,Marketing Specialist,44852,8,0,Yes,2,No
EMP0500,41,Male,Marketing,Marketing Specialist,67450,9,3,Yes,2,No
